8626,1
149,china
127,republic of"
52,united states
49,india
46,metropolitan"
31,province of china"
20,united states
19,united states
17,japan
12,united states
12,""
10,china
7,pakistan
5,united republic of"
5,nigeria
5,australia
4,united kingdom
4,thailand
4,iran
4,democratic people's republic of"
3,norway
3,india
3,germany
3,germany
2,sweden
2,spain
2,nepal
2,korea
2,jamaica
2,jamaica
2,ethiopia
2,czech republic
2,canada
2,brazil
2,india
1,japan
1,china
1,vietnam
1,japan
1,united kingdom
1,india
1,iran
1,taiwan
1,switzerland
1,sweden
1,status_code
1,sri lanka
1,spain
1,south africa
1,south
1,china 
1,saudi arabia
1,russia
1,germany
1,ecuador
1,philippines
1,philippines
1,orange
1,united states
1,new zealand
1,new zealand
1,uruguay
1,india
1,india
1,israel
1,iran
1,indonesia
1,china
1,france
1,france
1,estonia
1,croatia
1,united states
1,china
1,chile
1,china
1,canada
1,belgium
1,belgium
1,bangladesh
1,austria
1,australia
1,india
